{"cameraMode":{"drawMode":0,"name":"Shaded","section":"Shading Mode"},"sceneLighting":true,"audioPlay":false,"sceneViewState":{"m_AlwaysRefresh":false,"showFog":true,"showSkybox":true,"showFlares":true,"showImageEffects":true,"showParticleSystems":true,"showVisualEffectGraphs":true,"m_FxEnabled":true},"in2DMode":false,"pivot":{"x":1013.2999267578125,"y":456.14068603515627,"z":770.8269653320313},"rotation":{"x":-0.08421017974615097,"y":0.0005955203669145703,"z":-0.000049987607781076804,"w":-0.9964507818222046},"size":891.8028564453125,"orthographic":false}