{"cameraMode":{"drawMode":0,"name":"Shaded","section":"Shading Mode"},"sceneLighting":true,"audioPlay":false,"sceneViewState":{"m_AlwaysRefresh":false,"showFog":true,"showSkybox":true,"showFlares":true,"showImageEffects":true,"showParticleSystems":true,"showVisualEffectGraphs":true,"m_FxEnabled":true},"in2DMode":false,"pivot":{"x":2.292496919631958,"y":2.038069009780884,"z":-14.681448936462403},"rotation":{"x":0.009351072832942009,"y":0.9725581407546997,"z":-0.22906163334846497,"w":0.03970359265804291},"size":0.920994758605957,"orthographic":false}