{"cameraMode":{"drawMode":0,"name":"Shaded","section":"Shading Mode"},"sceneLighting":true,"audioPlay":false,"sceneViewState":{"m_AlwaysRefresh":false,"showFog":true,"showSkybox":true,"showFlares":true,"showImageEffects":true,"showParticleSystems":true,"showVisualEffectGraphs":true,"m_FxEnabled":true},"in2DMode":false,"pivot":{"x":960.1126708984375,"y":852.7130126953125,"z":-282.6123352050781},"rotation":{"x":0.0009257153142243624,"y":0.9962639808654785,"z":-0.08569939434528351,"w":0.010761365294456482},"size":3.4804224967956545,"orthographic":false}