{"cameraMode":{"drawMode":0,"name":"Shaded","section":"Shading Mode"},"sceneLighting":false,"audioPlay":false,"sceneViewState":{"m_AlwaysRefresh":false,"showFog":true,"showSkybox":false,"showFlares":true,"showImageEffects":true,"showParticleSystems":true,"showVisualEffectGraphs":true,"m_FxEnabled":true},"in2DMode":false,"pivot":{"x":-0.10452806949615479,"y":0.4377785623073578,"z":-0.006831526756286621},"rotation":{"x":0.020400013774633409,"y":-0.1665882021188736,"z":-0.0034461577888578178,"w":-0.9858160018920898},"size":0.7920213341712952,"orthographic":false}